City latitude,City longitude,Max temperature,Humidity,Cloud coverage,Wind speed,City country,City,City datetime
54.654424,11.352033,280.43,72,58,3.94,DK,rodbyhavn,1651351603
14.1333333,-89.5,306.8,54,40,1.03,SV,texistepeque,1651351604
50.116667,9.9,283.06,95,100,1.97,DE,hammelburg,1651351605
6.539946,101.281284,300.42,93,100,1.38,TH,yala,1651351605
11.135,124.779722,295.98,95,100,0.97,PH,canhandugan,1651351606
7.148333,124.518056,296.15,95,64,0.49,PH,glad,1651351607
15.9925,120.4052,298.66,80,93,2.89,PH,sapang,1651351607
58.9977778,22.7491667,278.74,80,27,3.51,EE,kardla,1651351608
40.6,21.7833333,285.05,93,100,1.56,GR,komnina,1651351609
14.997007,102.647463,299.34,76,100,2.23,TH,huai thalaeng,1651351610
47.554953,7.645868,284.2,88,0,2.57,CH,birsfelden,1651351610
35.0,25.15,288.72,76,0,6.56,GR,pirgos,1651351611
8.00151,-73.511263,303.8,64,93,0.78,CO,san martin,1651351612
35.0,134.55,286.67,82,100,0.43,JP,yamasaki,1651351613
-24.25,-49.7,290.07,94,40,2.09,BR,jaguariaiva,1651351613
45.366667,26.9,282.43,63,31,2.69,RO,racoviteni,1651351614
39.7338889,-90.2288889,297.88,60,75,9.26,US,jacksonville,1651351615
-17.85,-41.5,296.6,62,67,0.98,BR,teofilo otoni,1651351615
44.766667,25.066667,284.72,68,98,1.73,RO,popesti,1651351616
25.383333,-103.416667,306.04,8,4,1.7,MX,nazareno,1651351617
12.991111,76.744444,298.02,74,5,4.22,IN,belluru,1651351617
9.697222,125.585556,299.08,86,91,3.2,PH,tagana-an,1651351618
28.816667,78.15,304.54,13,42,2.01,IN,tigri,1651351619
-21.7,-45.266667,291.74,87,86,2.13,BR,tres coracoes,1651351620
-10.4069444,-76.4619444,287.15,63,91,3.31,PE,chaupimarca,1651351620
-5.633333,-35.433333,302.22,69,75,4.12,BR,ceara-mirim,1651351621
-4.0333333,-80.0333333,298.48,68,97,1.25,EC,alamor,1651351622
0.4666667,35.9666667,295.23,72,100,1.59,KE,baringo,1651351622
41.4413889,-85.265,289.17,82,40,9.26,US,kendallville,1651351623
8.9,40.783333,290.68,79,99,0.42,ET,bedesa,1651351624
-22.266667,-57.333333,297.99,73,94,1.46,BR,san carlos,1651351625
23.836389,91.275,296.5,79,95,0.82,IN,agartala,1651351625
8.4319444,-13.2897222,301.33,77,53,3.54,SL,goderich,1651351626
47.75,11.383333,282.45,91,100,0.95,DE,penzberg,1651351627
48.607344,42.846213,283.86,64,97,3.8,RU,surovikino,1651351627
31.811111,121.655,286.44,86,100,3.53,CN,huilong,1651351628
47.8602778,-122.2030556,289.07,68,75,3.09,US,mill creek,1651351629
16.333333,-94.066667,304.0,47,11,5.16,MX,el espinal,1651351629
48.65,9.066667,282.04,87,75,2.57,DE,schonaich,1651351630
43.996111,19.906944,282.0,88,7,0.79,RS,kosjeric,1651351631
36.1538889,-95.9925,297.97,41,20,7.2,US,tulsa,1651351385
46.578889,19.39389,286.15,71,58,3.18,HU,soltvadkert,1651351632
44.659252,-1.169382,287.8,94,100,1.03,FR,arcachon,1651351633
13.584667,101.284028,303.63,99,69,1.38,TH,plaeng yao,1651351633
53.75,-112.783333,285.09,58,100,3.87,CA,lamont,1651351634
20.783333,-104.183333,307.37,3,75,2.85,MX,san marcos,1651351635
44.183333,24.633333,283.56,74,18,2.98,RO,stoicanesti,1651351636
40.5697222,-79.765,294.22,12,100,1.79,US,new kensington,1651351637
-8.516667,-39.316667,301.27,50,100,9.27,BR,cabrobo,1651351637
56.3306,48.3547,272.87,93,65,2.43,RU,mochalishche,1651351638
25.416667,-101.0,303.87,23,0,5.14,MX,saltillo,1651351482
-3.7,-38.65,302.17,70,40,5.66,BR,caucaia,1651351639
51.033333,7.55,283.82,70,98,1.75,DE,gummersbach,1651351640
43.2855556,-71.4677778,288.93,37,0,6.69,US,loudon,1651351641
57.127468,35.464037,272.48,65,68,1.99,RU,likhoslavl,1651351642
46.35,-72.55,288.44,30,0,5.66,CA,trois-rivieres,1651351280
47.307783,31.785063,282.44,66,12,2.41,UA,nova odesa,1651351643
49.8,5.533333,280.0,87,10,2.34,BE,leglise,1651351643
6.883333,124.7,296.22,97,48,0.25,PH,sambulawan,1651351644
28.45,76.816667,310.03,14,12,3.92,IN,farrukhnagar,1651351645
50.474689,17.965447,284.53,65,92,1.45,PL,krapkowice,1651351646
48.5038889,-122.2361111,286.25,79,100,0.0,US,sedro-woolley,1651351646
25.366004,68.312155,305.62,40,0,8.6,PK,kotri,1651351647
43.0730556,-89.4011111,290.12,81,100,7.2,US,madison,1651351648
11.0333333,20.2833333,306.87,26,73,1.77,TD,am timan,1651351648
47.245594,47.02814,286.13,43,25,4.56,RU,yenotayevka,1651351540
13.333333,79.45,301.85,72,3,1.59,IN,pallipattu,1651351649
51.801046,31.083827,277.1,67,20,2.32,UA,ripky,1651351650
49.116667,-66.483333,277.81,87,100,2.06,CA,sainte-anne-des-monts,1651351651
42.4,-82.183333,286.26,30,20,10.29,CA,chatham,1651351652
27.5,83.45,296.14,64,0,3.24,NP,siddharthanagar,1651351652
6.6425,124.578611,296.61,96,28,0.37,PH,dansuli,1651351653
24.816667,84.65,300.23,63,4,4.53,IN,rafiganj,1651351654
-20.1855556,57.4772222,298.06,85,18,3.78,MU,pailles,1651351654
-34.640949,148.028381,280.29,81,0,1.72,AU,cootamundra,1651351655
35.6511111,-78.8338889,296.68,91,100,4.32,US,holly springs,1651351656
11.2161,123.1073,299.53,84,93,3.09,PH,concepcion,1651351657
41.1333333,25.0,285.33,79,94,3.73,GR,seleron,1651351657
66.316667,-179.166667,264.06,79,100,4.96,RU,egvekinot,1651351658
51.6,7.766667,284.92,71,0,1.54,DE,bonen,1651351659
28.633333,79.8,301.56,19,5,3.56,IN,pilibhit,1651351660
24.633333,79.5,304.88,18,0,2.59,IN,bijawar,1651351660
41.633611,46.643333,290.41,72,100,2.06,AZ,zaqatala,1651351661
14.0311,120.7296,297.3,90,95,2.01,PH,mataywanac,1651351662
36.1155556,-97.0580556,297.9,39,0,5.14,US,stillwater,1651351663
39.596111,27.024444,287.01,72,40,6.69,TR,edremit,1651351663
44.818889,40.933889,285.7,95,98,3.22,RU,novoalekseyevskaya,1651351664
42.6166667,27.3,284.08,87,36,0.51,BG,balgarovo,1651351665
32.533333,75.983333,288.72,36,79,4.87,IN,dalhousie,1651351665
20.75,-89.466667,300.91,47,67,3.85,MX,tecoh,1651351666
47.283333,22.533333,283.72,69,57,1.71,RO,balc,1651351667
11.85,38.016667,291.98,32,95,1.15,ET,debre tabor,1651351668
17.65,95.8,298.91,80,35,2.78,MM,tharrawaddy,1651351668
14.7,-88.8166667,306.78,43,40,2.57,HN,ojos de agua,1651351669
1.4451,125.1824,298.62,82,99,1.16,ID,bitung,1651351670
9.4628,123.3001,300.41,78,99,1.76,PH,samboan,1651351670
50.133333,8.55,284.23,78,20,4.12,DE,eschborn,1651351671
5.323605,-73.490669,286.35,97,100,1.98,CO,turmeque,1651351672
42.1166667,-71.8652778,289.07,35,0,4.47,US,oxford,1651351673
46.7,27.55,281.89,75,21,1.26,RO,delesti,1651351673
58.0027778,25.935,274.23,79,21,1.94,EE,torva,1651351674
48.792661,2.465694,285.95,57,0,4.63,FR,creteil,1651351675
11.5612,124.3952,299.09,86,99,3.08,PH,naval,1651351675
33.8973,48.7516,285.28,67,5,1.28,IR,borujerd,1651351676
33.5,133.9,287.3,72,100,1.74,JP,aki,1651351677
55.18858,9.069251,280.12,81,0,3.09,DK,toftlund,1651351677
34.1480556,-117.9980556,304.97,36,7,2.24,US,monrovia,1651351678
9.0333333,1.4166667,298.53,67,96,2.4,TG,tchamba,1651351679
13.55,78.5,300.38,54,10,2.24,IN,madanapalle,1651351680
51.416667,-0.833333,287.32,70,100,3.09,GB,wokingham,1651351680
35.4846,51.0829,292.07,55,40,5.14,IR,robat karim,1651351681
46.340505,19.051153,286.77,73,69,3.23,HU,nemesnadudvar,1651351682
50.261,95.1623,282.54,28,100,2.42,RU,erzin,1651351683
44.95,26.35,285.27,66,20,2.29,RO,colceag,1651351683
55.332697,38.813647,272.94,72,30,1.46,RU,khorlovo,1651351684
44.55,28.566667,282.17,75,9,3.31,RO,cogealac,1651351685
40.6486111,69.9855556,290.54,43,2,3.26,TJ,adrasmon,1651351686
1.7388889,33.1594444,292.56,90,66,0.48,UG,kaberamaido,1651351686
-0.791834,100.659315,295.08,98,99,0.63,ID,solok,1651351687
32.765,35.05,293.06,79,15,5.42,IL,nesher,1651351688
48.05,10.866667,282.49,84,100,0.51,DE,landsberg,1651351688
47.35,25.366667,278.47,77,86,0.68,RO,vatra dornei,1651351689
53.3644,38.0694,275.87,67,7,2.15,RU,kazachka,1651351690
42.4472222,-71.225,289.47,41,75,4.63,US,lexington,1651351691
18.2030556,-67.14,300.68,88,100,2.22,PR,mayaguez,1651351691
10.6333333,-61.3333333,302.41,65,40,5.66,TT,arouca,1651351692
32.8233333,-97.1702778,302.94,29,20,6.69,US,hurst,1651351693
45.083333,25.216667,282.2,80,97,1.63,RO,candesti,1651351693
42.925,133.047222,278.0,94,99,1.16,RU,yekaterinovka,1651351694
56.504205,66.551531,277.08,51,100,2.62,RU,zavodoukovsk,1651351695
46.366667,24.483333,285.27,81,24,2.57,RO,bahnea,1651351696
41.3816667,19.7602778,286.03,76,0,1.03,AL,kamze,1651351696
11.5464,122.0849,297.12,85,97,3.3,PH,bacalan,1651351697
41.5758333,-72.5030556,290.97,32,100,3.22,US,east hampton,1651351698
10.23478,123.769,299.12,88,100,2.63,PH,inayagan,1651351699
42.7341667,-90.4783333,292.28,94,100,3.6,US,platteville,1651351699
17.7204,121.6816,296.8,87,46,1.49,PH,dassun,1651351700
15.9678,120.466,298.42,81,91,2.53,PH,tebag,1651351701
12.301439,123.55811,298.68,88,100,3.04,PH,malinta,1651351701
32.983333,132.933333,286.14,80,100,1.54,JP,nakamura,1651351702
49.04001,41.005569,282.97,60,99,3.27,RU,kashary,1651351703
18.4,76.583333,303.77,20,2,5.61,IN,latur,1651351704
6.602222,125.445,298.85,81,66,1.94,PH,tanglad,1651351704
52.35,-8.6833333,284.74,88,100,0.45,IE,charleville,1651351705
48.95,18.15,285.22,65,81,1.09,SK,nova dubnica,1651351706
10.763333,122.493056,298.36,83,100,3.56,PH,balabag,1651351706
51.6,7.766667,284.92,71,0,1.54,DE,bonen,1651351659
55.938142,9.121783,279.12,80,86,2.51,DK,brande,1651351708
44.183333,26.85,282.96,79,5,2.24,RO,chiselet,1651351709
49.456677,35.129469,281.04,69,56,2.31,UA,karlivka,1651351651
51.35,7.466667,283.93,73,91,1.43,DE,hagen,1651351710
50.8,7.616667,283.59,75,76,1.28,DE,rosbach,1651351710
19.75,-71.45,303.26,50,58,7.49,DO,villa vazquez,1651351711
51.666667,-114.133333,287.03,33,95,5.14,CA,didsbury,1651351712
15.2419,120.853,300.96,88,99,1.17,PH,san roque,1651351712
46.62648,18.859624,286.32,73,73,2.68,HU,paks,1651351713
37.533333,138.933333,281.13,90,100,2.02,JP,mitsuke,1651351714
16.0,-61.7166667,300.01,79,100,6.89,GP,basse-terre,1651351715
-21.983333,-47.416667,298.22,69,75,4.63,BR,pirassununga,1651351715
35.3242,51.6457,292.46,59,93,1.14,IR,varamin,1651351716
8.5,-80.3833333,301.37,83,100,2.71,PA,las lomas,1651351717
52.2,8.583333,283.77,75,65,0.89,DE,bunde,1651351717
47.633333,-67.333333,276.86,91,100,5.57,CA,kedgwick,1651351718
-43.483333,172.116667,287.74,70,56,4.7,NZ,darfield,1651351719
50.096142,16.092833,284.99,61,100,1.97,CZ,borohradek,1651351719
51.469444,4.658109,283.21,81,66,3.19,NL,zundert,1651351720
46.883333,23.25,281.97,69,81,1.4,RO,aghiresu,1651351721
-22.9575,14.5052778,287.09,88,0,1.03,NA,walvis bay,1651351670
-2.9505556,12.7261111,293.93,93,87,0.93,CG,mossendjo,1651351722
38.0291667,-121.9605556,300.19,48,0,7.72,US,bay point,1651351723
-46.333333,168.266667,290.94,59,100,4.36,NZ,wallacetown,1651351723
10.166667,124.183333,299.18,81,83,2.91,PH,jandayan,1651351724
56.554983,76.627127,276.63,69,98,6.44,RU,kyshtovka,1651351725
5.761389,-73.917778,295.6,64,76,0.78,CO,albania,1651351725
14.283333,76.083333,297.41,85,3,4.47,IN,mayakonda,1651351726
11.366667,77.333333,300.92,69,70,3.77,IN,nambiyur,1651351727
46.716667,26.466667,283.34,84,87,1.56,RO,tazlau,1651351728
40.633333,16.933333,289.52,66,0,1.54,IT,castellaneta,1651351728
9.1333333,-79.5333333,301.22,78,75,5.66,PA,la cabima,1651351729
41.966667,12.8,287.45,64,5,1.26,IT,tivoli,1651351730
-15.583333,-56.083333,305.94,43,20,2.06,BR,cuiaba,1651351730
-12.67558,132.831406,296.01,84,13,1.67,AU,jabiru,1651351731
46.3163,38.9586,283.56,80,100,4.74,RU,novominskaya,1651351732
8.0833333,-80.9333333,300.26,81,98,2.54,PA,san antonio,1651351732
6.332778,125.646389,299.52,85,85,4.6,PH,lais,1651351733
55.666667,12.583333,281.06,81,26,2.04,DK,copenhagen,1651351734
12.766667,120.783333,300.29,73,100,1.05,PH,batasan,1651351735
4.926139,-74.17299,288.6,80,85,1.08,CO,subachoque,1651351735
23.183333,-102.483333,303.11,5,0,2.87,MX,banon,1651351736
45.682621,28.614872,282.71,75,5,0.39,UA,bolhrad,1651351737
47.516667,23.75,283.43,79,8,2.71,RO,cernesti,1651351737
16.109167,-97.156111,304.03,44,13,3.55,MX,santos reyes nopala,1651351525
50.478355,14.939416,284.67,71,98,1.54,CZ,bakov nad jizerou,1651351738
45.716667,24.85,280.41,76,18,1.93,RO,lisa,1651351739
28.751944,54.544444,292.5,47,0,0.31,IR,darab,1651351740
-24.95,-53.466667,291.86,91,95,3.19,BR,cascavel,1651351741
8.167222,125.990833,296.28,99,99,0.69,PH,bunawan,1651351741
22.65,76.35,303.77,28,11,4.98,IN,bagli,1651351742
44.626944,20.968056,288.05,76,0,3.47,RS,radinac,1651351743
45.134928,38.125441,284.67,85,99,4.49,RU,troitskaya,1651351744
15.516306,103.193667,299.49,79,100,3.19,TH,phayakkhaphum phisai,1651351744
52.078202,21.250481,286.53,59,100,1.77,PL,karczew,1651351745
-21.3666667,55.6166667,297.36,79,20,3.51,RE,saint-joseph,1651351746
14.9438,120.6229,301.03,84,100,1.62,PH,sasmuan,1651351746
50.361082,14.472342,285.56,46,99,0.89,CZ,melnik,1651351747
58.294584,56.405459,271.81,66,100,1.87,RU,polazna,1651351748
61.316667,22.133333,277.0,76,86,2.03,FI,harjavalta,1651351749
37.9063889,-122.0638889,299.81,56,0,7.72,US,walnut creek,1651351542
-25.2413,-53.983,293.32,85,100,2.16,BR,matelandia,1651351750
53.55,-0.483333,287.55,54,100,3.09,GB,brigg,1651351750
47.233333,10.733333,280.05,96,100,0.5,AT,imst,1651351751
44.383333,23.85,286.14,72,0,2.68,RO,mischii,1651351752
42.3958333,-71.1791667,289.83,43,75,4.63,US,belmont,1651351753
34.95,137.083333,288.21,69,100,5.09,JP,anjo,1651351753
15.6653,120.6406,297.87,84,93,1.77,PH,ramos,1651351754
47.983333,22.516667,285.93,68,41,2.35,HU,fehergyarmat,1651351755
50.183333,8.916667,284.08,81,83,1.34,DE,bruchkobel,1651351755
60.55,12.016667,278.76,48,53,0.78,NO,hof,1651351756
52.9511111,-7.8016667,283.86,94,100,2.54,IE,roscrea,1651351757
11.497,122.696,296.99,92,87,1.18,PH,malocloc,1651351758
51.203012,58.326653,282.54,94,100,3.37,RU,novotroitsk,1651351758
-21.0166667,24.3333333,295.69,34,11,1.04,BW,tsienyane,1651351759
44.466667,-77.3,291.02,21,5,3.03,CA,tweed,1651351760
16.616667,-93.083333,310.45,26,7,2.49,MX,suchiapa,1651351761
35.125,33.95,299.15,44,2,6.11,CY,gazimagusa,1651351761
49.485,11.2475,284.01,81,0,2.57,DE,rothenbach,1651351762
49.656294,18.859105,284.77,84,94,1.72,PL,wisla,1651351763
15.3666667,-87.9333333,306.32,52,40,8.75,HN,la sabana,1651351764
41.0786111,-73.4697222,292.82,26,0,6.69,US,darien,1651351764
-9.516667,-37.183333,298.19,60,98,5.29,BR,olivenca,1651351765
9.9204,124.5051,298.24,88,79,1.16,PH,abaca,1651351766
15.5808,121.2239,297.32,91,100,1.82,PH,siclong,1651351766
49.506871,16.521307,285.94,61,100,1.46,CZ,kunstat,1651351767
48.3166667,18.0833333,286.85,59,98,0.89,SK,nitra,1651351768
7.85,9.783333,301.64,60,100,2.66,NG,wukari,1651351769
34.683611,112.453611,283.57,73,100,1.88,CN,luoyang,1651351769
-22.1833333,27.9666667,292.32,41,3,2.54,BW,sefophe,1651351770
62.1166667,-6.75,278.81,88,62,2.85,FO,strendur,1651351771
33.907268,73.392946,291.06,42,0,4.8,PK,murree,1651351771
51.773859,5.940149,284.19,73,99,2.87,NL,groesbeek,1651351772
-6.9833333,39.2833333,298.07,83,75,1.03,TZ,vikindu,1651351773
51.0,3.983333,283.16,88,13,2.94,BE,wichelen,1651351774
-21.2,-50.416667,301.24,39,94,2.55,BR,aracatuba,1651351774
5.0666667,-54.9666667,304.71,70,11,2.39,SR,brokopondo,1651351775
40.7138889,-73.5594444,293.27,24,0,4.63,US,east meadow,1651351776
18.507456,122.150354,300.43,78,28,4.27,PH,san vicente,1651351776
45.083333,25.416667,280.64,81,82,1.98,RO,pucioasa,1651351777
46.15,25.85,277.65,89,66,1.82,RO,baile tusnad,1651351778
-25.8,-57.233333,294.29,94,97,1.92,PY,carapegua,1651351778
-11.333333,-38.95,296.36,77,96,2.46,BR,araci,1651351779
39.0911111,-94.4152778,289.79,58,100,12.35,US,independence,1651351780
-22.4172,-44.2861,292.2,99,100,0.91,BR,porto real,1651351781
54.1,13.383333,280.97,72,93,2.17,DE,greifswald,1651351781
9.966667,76.583333,300.01,91,72,0.49,IN,muvattupula,1651351782
48.655452,32.520929,282.24,69,96,2.89,UA,subottsi,1651351783
47.383333,27.5,284.86,71,33,0.76,RO,probota,1651351783
59.535315,45.457434,269.44,84,12,2.03,RU,nikolsk,1651351784
6.459444,124.089167,298.42,87,45,1.78,PH,kulaman,1651351785
19.8666667,-71.65,300.46,65,70,9.11,DO,monte cristi,1651351785
59.066667,10.0,281.99,63,100,1.54,NO,larvik,1651351786
30.5959,50.2417,296.46,53,22,1.26,IR,behbahan,1651351787
47.648287,19.829716,285.34,68,30,2.12,HU,csany,1651351788
-7.166667,112.633333,298.91,90,100,2.82,ID,kebomas,1651351788
40.7986111,44.1072222,281.92,90,77,2.19,AM,tsaghkaber,1651351789
8.7,-11.0333333,298.39,73,79,1.26,SL,peyima,1651351790
28.0777778,-82.7638889,300.38,73,75,4.63,US,palm harbor,1651351791
23.266667,77.4,304.93,23,1,5.75,IN,bhopal,1651351739
21.3972222,-157.9733333,300.03,64,75,7.72,US,pearl city,1651351792
16.3871,119.9443,300.99,75,93,4.92,PH,zaragoza,1651351792
55.466667,-4.516667,284.16,93,100,5.14,GB,annbank,1651351793
46.3044444,16.3377778,285.87,24,94,1.31,HR,varazdin,1651351794
41.725,44.7908333,290.44,77,100,5.66,GE,tbilisi,1651351795
51.647731,3.963151,282.58,76,12,4.23,NL,kapelle,1651351795
27.6489,54.316,296.03,43,0,4.12,IR,lar,1651351796
35.416667,137.133333,286.79,90,100,0.98,JP,mitake,1651351797
27.759913,68.092124,307.46,13,0,0.69,PK,miro khan,1651351797
47.357058,7.909101,283.31,96,79,0.89,CH,olten,1651351798
50.503175,14.799517,284.18,71,100,1.31,CZ,bela pod bezdezem,1651351799
41.35,13.416667,289.49,65,38,2.3,IT,fondi,1651351800
9.2666667,-79.1166667,300.33,88,100,1.18,PA,el progreso,1651351800
35.6911111,-0.6416667,288.99,77,0,2.06,DZ,wahran,1651351694
50.583333,3.8,281.98,81,15,2.57,BE,chievres,1651351801
22.7225,88.555556,299.14,69,75,2.06,IN,ula,1651351802
35.3166667,25.2833333,290.0,72,40,6.69,GR,gournai,1651351803
51.516667,-1.783333,285.59,62,100,3.6,GB,swindon,1651351804
50.783333,4.9,282.97,65,100,1.03,BE,hoegaarden,1651351804
39.248889,117.789167,285.17,24,0,4.24,CN,hangu,1651351805
50.201139,14.841773,285.66,70,91,1.92,CZ,lysa nad labem,1651351806
20.166667,-101.683333,307.1,11,64,1.51,MX,angamacutiro,1651351807
-9.544722,16.345278,291.53,78,100,0.33,AO,malanje,1651351807
-3.833333,-62.083333,299.59,84,79,0.77,BR,codajas,1651351808
46.167615,6.119125,284.45,83,20,2.06,CH,plan-les-ouates,1651351809
48.692468,2.610902,285.73,69,0,4.63,FR,brie-comte-robert,1651351810
14.128611,120.905833,297.82,92,95,2.46,PH,mendez,1651351810
5.733333,115.933333,296.98,80,100,1.33,MY,papar,1651351811
47.503174,8.254838,282.75,90,99,1.26,CH,untersiggenthal,1651351812
56.347573,44.193714,273.15,81,70,2.59,RU,bolshoye pikino,1651351812
59.118169,28.091374,274.28,65,91,1.56,RU,slantsy,1651351813
16.7166667,95.9333333,301.22,72,79,0.87,MM,twante,1651351814
56.2,-2.95,283.33,88,75,3.6,GB,lundin links,1651351815
42.9097222,-85.7630556,286.49,66,100,9.83,US,grandville,1651351815
53.533333,-113.916667,285.0,39,75,6.17,CA,spruce grove,1651351816
46.673333,141.863333,275.98,58,79,1.4,RU,nevelsk,1651351817
58.044598,38.842594,272.25,70,13,2.53,RU,rybinsk,1651351817
-13.433333,-40.45,292.18,79,92,2.74,BR,maracas,1651351818
49.477579,20.029205,284.48,79,100,1.41,PL,nowy targ,1651351819
-6.2747222,-79.6041667,303.81,50,85,3.85,PE,salas,1651351820
47.966667,24.0,280.51,87,11,1.67,RO,bocicoiu mare,1651351820
47.983333,8.816667,280.75,79,83,1.58,DE,tuttlingen,1651351821
50.316667,-122.816667,282.05,87,86,0.86,CA,pemberton,1651351822
45.036772,35.377892,285.25,83,100,5.13,UA,feodosiya,1651351823
5.118412,-74.345492,296.82,70,78,1.34,CO,vergara,1651351823
11.4924,119.8703,301.68,78,100,9.39,PH,linapacan,1651351824
11.2434,124.0619,299.85,83,100,5.23,PH,talisay,1651351825
40.628621,-3.161849,292.93,65,93,1.63,ES,guadalajara,1651351826
51.166667,4.316667,283.28,75,0,3.09,BE,kruibeke,1651351826
47.05,25.516667,277.6,93,99,1.17,RO,bilbor,1651351827
45.516667,10.083333,289.94,72,40,1.03,IT,travagliato,1651351828
54.707685,31.409644,276.36,68,57,1.87,RU,gusino,1651351828
25.666667,76.166667,306.3,23,13,2.27,IN,lakheri,1651351829
37.280769,49.58319,289.05,100,100,0.0,IR,rasht,1651351830
42.35,25.0833333,285.83,80,58,1.52,BG,brezovo,1651351831
55.597388,43.7556,272.2,80,5,2.28,RU,chernukha,1651351831
40.921628,-8.467883,286.62,76,1,1.15,PT,milheiros de poiares,1651351832
55.552907,34.995369,273.87,70,30,1.3,RU,gzhatsk,1651351833
18.8,-97.266667,294.2,65,95,3.07,MX,maltrata,1651351833
61.2,6.533333,274.4,96,83,1.12,NO,balestrand,1651351834
47.741478,18.648127,289.32,61,100,1.64,HU,tat,1651351835
-13.0666667,-76.35,296.11,70,40,3.32,PE,imperial,1651351835
26.8,82.2,299.65,55,2,5.85,IN,ayodhya,1651351836
47.283333,23.6,283.84,76,10,1.88,RO,rus,1651351837
40.9688889,-73.7130556,294.08,24,0,6.69,US,harrison,1651351838
41.77,-72.3055556,290.7,30,40,4.63,US,coventry,1651351839
43.275475,46.730775,286.22,92,6,2.63,RU,mutsalaul,1651351839
40.9,16.833333,288.46,67,0,1.54,IT,acquaviva delle fonti,1651351840
42.9763889,-88.1083333,288.88,76,100,8.75,US,new berlin,1651351563
44.750833,43.436944,288.94,64,100,4.04,RU,novoselitskoye,1651351841
39.5094444,-76.1644444,293.36,26,94,3.24,US,aberdeen,1651351842
46.680951,18.439353,287.56,73,95,2.52,HU,pincehely,1651351842
7.578333,126.504167,297.32,94,96,1.96,PH,mahanub,1651351843
-3.4166667,10.65,298.65,90,93,0.91,GA,mayumba,1651351844
11.2743,124.0579,299.81,83,100,5.08,PH,maya,1651351845
27.016667,78.316667,306.14,12,1,2.9,IN,fatehabad,1651351845
23.916667,-106.9,302.02,37,47,5.11,MX,la cruz,1651351846
35.1980556,-111.6505556,296.77,13,77,0.45,US,flagstaff,1651351847
6.81449,-75.240634,292.94,82,87,1.6,CO,guadalupe,1651351847
53.006389,91.483611,285.46,58,67,3.16,RU,mayna,1651351848
5.265977,-76.564874,302.05,92,100,1.71,CO,tado,1651351849
-21.433333,-45.95,290.64,92,66,1.92,BR,alfenas,1651351850
-33.917988,25.570066,288.88,79,5,2.68,ZA,port elizabeth,1651351616
55.317331,38.652642,275.42,70,36,1.51,RU,voskresensk,1651351851
40.8013889,-72.8680556,291.73,27,0,6.17,US,shirley,1651351851
22.5661111,91.9325,296.2,97,16,1.75,BD,raozan,1651351852
40.6369444,22.3877778,291.22,84,99,0.15,GR,nision,1651351853
7.133333,124.816667,296.03,94,67,0.83,PH,malapag,1651351854
6.060278,125.385278,297.49,88,92,1.26,PH,suyan,1651351854
11.6237,122.4649,297.14,100,98,3.0,PH,cawayan,1651351855
20.383333,-103.833333,307.88,6,95,1.65,MX,cocula,1651351856
47.0,12.533333,281.46,93,100,2.03,AT,matrei,1651351856
52.676543,4.702946,281.47,74,89,0.45,NL,bergen,1651351857
46.15,27.3,284.41,66,76,1.99,RO,corbita,1651351858
41.0166667,23.4833333,288.22,82,100,1.07,GR,kato kamila,1651351858
42.1166667,-86.4541667,291.65,71,100,8.75,US,benton harbor,1651351859
44.866667,25.916667,284.9,66,65,1.94,RO,targsorul-vechi,1651351860
58.266667,12.3,281.25,70,100,1.54,SE,trollhattan,1651351861
33.072778,107.030278,283.35,56,100,0.68,CN,hanzhong,1651351861
14.2733,120.7377,301.08,85,100,3.89,PH,maragondon,1651351862
56.0,-4.583333,284.42,87,100,7.72,GB,balloch,1651351863
46.866667,27.55,284.1,76,16,1.1,RO,rebricea,1651351570
40.3338889,44.3777778,287.18,65,78,1.5,AM,karbi,1651351864
15.266667,-90.2,298.24,71,72,1.65,GT,purulha,1651351865
56.316667,38.7,272.25,74,8,1.35,RU,karabanovo,1651351865
40.8808333,-88.6297222,295.86,78,100,7.72,US,pontiac,1651351866
19.133333,-98.233333,296.24,35,78,4.87,MX,almecatla,1651351867
10.3999,123.0178,297.2,83,90,1.95,PH,haguimit,1651351867
-11.716667,-40.133333,297.53,62,88,3.88,BR,mairi,1651351868
45.183333,25.766667,280.73,82,65,2.06,RO,brebu,1651351869
44.15,-79.866667,288.87,20,100,3.09,CA,alliston,1651351870
42.59689,47.718245,283.02,91,34,0.62,RU,ullubiyaul,1651351870
46.421944,19.183611,286.38,72,58,3.31,HU,csaszartoltes,1651351871
22.15,-102.416667,300.64,8,61,4.54,MX,san jose de gracia,1651351872
36.5433333,-119.3861111,300.93,20,0,3.14,US,dinuba,1651351873
37.65,138.933333,281.4,90,100,1.81,JP,tsubame,1651351873
51.283333,-0.316667,286.9,74,0,2.57,GB,leatherhead,1651351874
42.6702778,-71.3025,289.69,35,75,5.14,US,dracut,1651351875
37.759,45.9783,284.9,72,46,0.2,IR,azar shahr,1651351876
34.883333,136.933333,290.41,72,75,9.26,JP,handa,1651351876
47.433333,20.8,280.92,81,29,2.86,HU,kunmadaras,1651351877
4.95,100.633333,297.82,95,90,1.11,MY,simpang empat,1651351878
38.6447222,-121.2711111,300.63,33,0,3.58,US,fair oaks,1651351584
23.3,92.833333,290.46,97,84,1.21,IN,serchhip,1651351879
46.2361111,15.2675,286.62,74,73,0.45,SI,celje,1651351880
44.016667,23.633333,286.97,76,2,3.15,RO,giurgita,1651351880
42.2597222,-72.2402778,290.34,40,100,3.43,US,ware,1651351881
50.35,5.466667,282.15,84,100,1.67,BE,durbuy,1651351684
37.6127778,69.7061111,295.19,45,43,1.4,TJ,moskovskiy,1651351882
42.0283333,-97.4166667,280.65,83,100,14.4,US,norfolk,1651351883
41.1880556,44.3272222,280.94,96,77,1.62,AM,norashen,1651351884
-12.28,43.7425,300.77,77,15,6.93,KM,fomboni,1651351884
7.7478,123.1445,297.31,95,42,1.15,PH,kumalarang,1651351885
41.1594444,-81.4405556,294.02,14,0,3.6,US,stow,1651351886
45.833056,40.145556,284.96,79,100,4.87,RU,parkovyy,1651351887
-20.1202778,57.6636111,297.72,82,22,4.99,MU,belle vue maurel,1651351887
10.15,124.05,299.2,89,20,1.03,PH,cabul-an,1651351888
22.983333,71.466667,302.67,54,0,7.0,IN,dhrangadhra,1651351889
-8.016667,-34.85,299.1,78,75,5.66,BR,olinda,1651351889
-12.5333333,27.85,287.69,82,2,1.68,ZM,chingola,1651351890
45.890556,12.2925,290.36,49,100,2.05,IT,conegliano,1651351891
11.3574,119.5049,301.36,77,100,6.62,PH,teneguiban,1651351892
48.804542,44.47439,285.64,47,0,6.0,RU,gorodishche,1651351739
50.05,4.483333,281.03,80,97,1.87,BE,couvin,1651351893
-38.066667,174.816667,288.99,78,15,2.99,NZ,kawhia,1651351893
42.05,25.6,282.52,88,21,0.61,BG,dimitrovgrad,1651351894
50.65,13.166667,282.42,81,95,0.79,DE,marienberg,1651351895
18.55,-99.266667,310.9,15,26,0.97,MX,tehuixtla,1651351896
14.8,-91.916667,303.95,77,89,1.92,GT,nuevo progreso,1651351897
69.666667,18.966667,272.69,86,75,2.57,NO,tromso,1651351897
36.9,15.133333,289.36,65,100,3.35,IT,avola,1651351898
43.733333,24.75,286.53,79,5,2.21,RO,islaz,1651351899
41.082916,-8.626794,287.77,80,40,3.6,PT,gulpilhares,1651351899
6.3166667,19.0666667,295.44,81,69,0.73,CF,dekoa,1651351900
-9.7833333,29.0833333,289.17,87,51,1.57,ZM,kawambwa,1651351901
7.487222,124.299167,293.14,91,38,1.58,PH,barira,1651351901
46.7373,39.5645,283.25,75,100,5.45,RU,krasnoye,1651351902
47.233333,22.8,283.38,68,52,0.98,RO,simleu silvaniei,1651351903
53.483333,-2.15,284.21,82,100,1.54,GB,droylsden,1651351904
10.9758,124.6332,297.71,91,100,1.33,PH,ipil,1651351904
48.95,16.316667,287.16,68,99,0.92,CZ,miroslav,1651351905
40.8894444,-111.88,293.07,24,75,2.57,US,bountiful,1651351906
39.2333333,23.2166667,286.71,67,90,1.53,GR,argalasti,1651351907
48.409062,22.176139,284.25,72,49,2.38,HU,zahony,1651351907
34.233333,132.566667,285.66,79,100,0.82,JP,kure,1651351908
23.366667,85.866667,298.62,84,25,2.61,IN,muri,1651351909
7.259572,-8.154981,295.88,97,81,1.95,CI,danane,1651351909
44.1436111,17.4,282.26,91,17,0.22,BA,donji vakuf,1651351910
-10.7166667,165.8333333,301.26,77,90,3.4,SB,lata,1651351911
48.89317,2.103714,286.07,59,0,3.6,FR,le pecq,1651351912
37.1694444,-104.5,295.88,18,0,5.14,US,trinidad,1651351912
45.5,9.266667,290.34,51,20,1.03,IT,vimodrone,1651351913
27.1,84.083333,297.67,56,1,4.85,IN,bagaha,1651351914
37.3811111,-121.8163889,297.57,49,20,9.26,US,east foothills,1651351914
49.4758333,6.0422222,283.61,68,9,2.99,LU,tetange,1651351915
-10.7166667,39.7333333,292.6,96,5,1.3,TZ,kitama,1651351916
15.5448,120.8931,297.5,86,93,1.64,PH,san carlos,1651351916
57.266667,-5.716667,283.15,89,99,2.4,GB,kyle of lochalsh,1651351917
50.983333,4.833333,283.1,72,75,1.54,BE,aarschot,1651351918
12.978056,123.822222,297.59,91,71,1.96,PH,san vicente,1651351919
26.041841,68.137772,306.1,17,1,5.76,PK,sann,1651351919
41.7,15.733333,282.98,67,0,3.09,IT,san giovanni rotondo,1651351920
22.496389,-105.359444,309.13,19,57,5.19,MX,acaponeta,1651351921
55.305846,10.803394,284.25,73,98,1.49,DK,nyborg,1651351921
-3.65,-44.4,297.08,95,100,0.25,BR,cantanhede,1651351922
47.5302778,-122.0313889,289.8,68,75,2.06,US,issaquah,1651351923
-21.083333,-45.566667,292.87,84,89,2.11,BR,boa esperanca,1651351924
25.75,93.166667,292.74,94,89,0.45,IN,lumding,1651351924
8.640016,-82.945997,299.84,93,100,1.27,CR,corredor,1651351925
8.335,126.334722,297.96,93,100,1.75,PH,loyola,1651351926
33.7438889,-90.7247222,301.13,56,55,6.46,US,cleveland,1651351661
55.783333,-4.633333,284.36,89,100,7.72,GB,lochwinnoch,1651351927
12.6417,123.9092,298.86,89,85,2.94,PH,otavi,1651351928
63.073369,40.332851,267.83,94,73,1.5,RU,yemtsa,1651351928
23.666667,-100.183333,302.04,16,2,1.88,MX,doctor arroyo,1651351929
40.6366667,-80.2402778,294.44,18,100,1.8,US,aliquippa,1651351930
44.65,-63.6,279.82,68,100,5.66,CA,halifax,1651351911
46.401342,48.54093,285.12,76,1,3.31,RU,volodarskiy,1651351931
31.0558333,-97.4641667,304.64,60,87,2.52,US,belton,1651351932
63.073369,40.332851,267.83,94,73,1.5,RU,yemtsa,1651351928
43.433333,43.578611,288.11,77,75,1.0,RU,khasanya,1651351933
53.625877,79.534501,287.46,52,92,3.55,RU,khabary,1651351933
41.648983,1.1396,288.39,89,100,4.03,ES,tarrega,1651351934
36.2977778,-119.2058333,300.88,30,0,3.6,US,farmersville,1651351935
-29.8166667,27.25,281.71,43,0,1.23,LS,mafeteng,1651351936
46.627222,13.367222,286.79,85,100,1.08,AT,hermagor,1651351937
49.416667,16.633333,286.97,57,100,1.38,CZ,rajec-jestrebi,1651351937
32.3641667,-88.7036111,302.0,37,17,3.52,US,meridian,1651351938
59.961244,29.414868,277.01,81,100,6.07,RU,lebyazhye,1651351939
38.0,22.7333333,289.81,46,2,1.34,GR,moulkion,1651351939
42.6780556,-88.2761111,291.25,78,100,9.77,US,burlington,1651351940
28.616667,80.1,300.86,20,6,3.53,IN,kalinagar,1651351941
43.966667,25.966667,284.65,74,0,1.78,RO,fratesti,1651351942
7.4108333,-11.5422222,298.72,85,27,1.38,SL,foindu,1651351942
41.116667,16.483333,286.48,57,0,1.56,IT,ruvo di puglia,1651351943
18.2833333,-73.4,299.5,73,90,1.6,HT,aquin,1651351944
55.052862,74.575111,280.82,54,100,6.16,RU,kalachinsk,1651351945
40.5147222,21.6786111,285.66,93,100,1.23,GR,ptolemais,1651351945
18.75,73.85,297.62,59,0,3.62,IN,chakan,1651351946
45.616667,27.2,283.95,64,31,2.58,RO,slobozia-ciorasti,1651351947
7.666667,124.15,294.86,91,39,1.68,PH,marogong,1651351947
57.278248,61.996496,274.49,61,45,2.04,RU,bulanash,1651351948
41.401277,-8.368883,287.36,78,2,1.02,PT,serzedelo,1651351949
-22.85,-46.316667,290.08,96,100,1.46,BR,extrema,1651351950
37.7913889,20.8952778,291.28,85,33,0.15,GR,zakinthos,1651351951
45.116667,10.033333,289.62,64,100,0.88,IT,cremona,1651351951
44.3683333,-100.3505556,282.62,84,100,12.35,US,pierre,1651351952
4.4148,114.0089,297.23,100,20,1.54,MY,miri,1651351953
6.131564,-72.708947,288.12,83,86,2.58,CO,sativanorte,1651351954
-18.616667,-51.066667,299.25,46,40,1.84,BR,cacu,1651351954
27.7519444,-98.0694444,304.09,58,100,4.63,US,alice,1651351955
8.4859,123.8048,297.9,91,83,0.88,PH,oroquieta,1651351956
39.023619,-8.976916,294.05,74,2,3.57,PT,carregado,1651351790
41.2916667,-72.3766667,291.75,33,0,3.09,US,old saybrook,1651351957
19.616667,76.7,304.3,20,2,3.41,IN,jintur,1651351957
-17.0883333,-71.7575,293.43,73,9,2.8,PE,cocachacra,1651351958
7.294167,125.625833,298.05,100,75,3.09,PH,maduao,1651351959
44.883333,24.05,284.46,77,93,1.81,RO,ladesti,1651351960
51.57438,26.565034,280.58,70,79,2.16,UA,dubrovytsya,1651351960
38.962507,-0.584431,293.09,59,100,1.34,ES,canals,1651351961
-30.533333,-52.516667,285.81,83,77,3.0,BR,encruzilhada do sul,1651351962
24.803788,125.302222,297.26,87,100,6.97,JP,hirara,1651351962
-10.9666667,-75.2166667,299.45,68,54,1.71,PE,perene,1651351963
55.7172222,21.1175,282.18,68,98,4.37,LT,klaipeda,1651351964
47.666667,23.083333,284.45,88,14,0.0,RO,homorod-de jos,1651351964
45.3247222,-118.0866667,284.67,67,100,4.23,US,la grande,1651351965
35.2333333,23.6333333,290.81,57,17,5.95,GR,yialos,1651351966
-2.2783333,40.9033333,301.3,81,52,6.72,KE,lamu,1651351967
-8.116667,-37.65,298.07,57,100,5.08,BR,custodia,1651351967
54.059404,15.279377,281.01,73,100,1.5,PL,trzebiatow,1651351968
46.186794,6.21614,284.47,85,20,2.06,FR,gaillard,1651351969
-18.683333,-49.583333,299.08,38,2,1.77,BR,capinopolis,1651351969
12.983333,75.983333,295.1,93,78,4.22,IN,alur,1651351970
-28.700083,26.459684,280.82,36,0,2.47,ZA,brandfort,1651351971
47.308682,44.521617,287.49,36,100,4.49,RU,ketchenery,1651351971
57.6488,59.5014,273.8,63,99,1.85,RU,visim,1651351972
7.133333,40.7,287.91,86,62,2.13,ET,ginir,1651351973
46.3844444,16.4338889,285.94,24,92,0.45,HR,cakovec,1651351974
-4.2166667,35.75,289.72,90,49,0.97,TZ,babati,1651351974
7.1,39.2,286.25,87,17,1.18,ET,asasa,1651351975
45.016667,22.683333,282.94,83,98,1.86,RO,obarsia-closani,1651351976
17.3,-96.9,300.1,32,93,4.6,MX,telixtlahuaca,1651351977
22.966667,76.066667,303.83,32,44,6.68,IN,dewas,1651351977
8.137278,-5.10095,302.42,70,53,1.6,CI,katiola,1651351978
38.8644444,-77.1880556,294.99,28,0,4.12,US,jefferson,1651351979
9.333611,125.9775,298.21,90,91,0.11,PH,cantilan,1651351979
42.2411111,-83.6130556,289.05,37,100,7.2,US,ypsilanti,1651351980
51.552778,105.130556,278.87,82,81,3.3,RU,tankhoy,1651351981
39.889007,-0.084989,292.41,81,100,0.52,ES,burriana,1651351981
13.316667,80.2,303.14,86,3,5.01,IN,ponneri,1651351982
45.533333,9.133333,290.85,52,20,1.03,IT,novate milanese,1651351983
14.6666667,-61.0333333,302.98,33,20,4.63,MQ,saint-joseph,1651351984
43.345287,3.222374,291.7,55,0,4.12,FR,beziers,1651351984
46.061944,13.242222,289.35,55,0,1.54,IT,udine,1651351985
37.566667,140.116667,279.68,85,100,2.12,JP,inawashiro,1651351986
43.366667,-80.983333,288.6,44,100,5.7,CA,stratford,1651351986
46.216667,21.383333,286.12,82,0,1.54,RO,livada,1651351987
42.3,69.6,290.48,72,0,2.0,KZ,shymkent,1651351988
47.802546,7.236579,284.17,94,17,2.47,FR,wittelsheim,1651351989
-19.8,-45.666667,296.87,55,79,2.24,BR,luz,1651351989
50.244501,32.510733,280.0,79,65,2.79,UA,pyryatyn,1651351990
6.7081,7.3167,301.19,77,100,2.09,NG,aku,1651351991
45.083333,24.183333,283.58,88,100,1.05,RO,baile govora,1651351991
-2.8705556,30.5280556,288.62,96,99,1.21,TZ,bugarama,1651351992
48.799931,2.332555,285.95,59,0,4.63,FR,arcueil,1651351993
47.566667,10.7,280.38,97,100,0.24,DE,fussen,1651351994
38.1973,44.7653,284.74,79,36,0.84,IR,salmas,1651351994
51.932614,43.497785,278.37,67,46,4.2,RU,arkadak,1651351995
28.7,76.583333,305.36,14,8,3.57,IN,beri,1651351996
24.8833333,90.7166667,295.75,86,82,1.53,BD,netrakona,1651351997
41.0105556,44.4675,282.49,95,88,1.9,AM,agarak,1651351997
23.683333,86.983333,299.56,78,11,4.42,IN,asansol,1651351998
35.975556,139.650833,287.53,58,100,2.44,JP,hasuda,1651351999
-13.05,-46.883333,298.85,43,59,1.59,BR,campos belos,1651351999
47.433333,26.9,285.8,69,73,0.45,RO,harlau,1651352000
12.8511111,-86.0994444,306.36,36,100,1.86,NI,sebaco,1651352001
33.6116667,-111.7166667,307.96,7,64,2.68,US,fountain hills,1651352002
47.85,12.066667,283.19,92,100,1.31,DE,kolbermoor,1651352002
44.633333,28.683333,282.29,76,9,3.4,RO,mihai viteazu,1651352003
12.419844,120.989313,299.17,79,98,3.63,PH,san agustin,1651352004
49.258999,2.437766,285.32,85,14,2.39,FR,montataire,1651352004
-25.245291,130.980545,289.05,55,40,5.14,AU,yulara,1651352005
53.676898,39.625655,274.89,69,3,2.25,RU,tsentralnyy,1651352006
18.816667,76.116667,302.28,22,0,6.72,IN,dharur,1651352007
55.866383,48.359404,275.12,87,91,2.97,RU,volzhsk,1651352007
43.666667,25.366667,282.9,79,3,1.76,RO,zimnicea,1651352008
33.633333,114.633333,282.43,46,99,1.74,CN,zhoukou,1651352009
45.016667,26.15,284.55,66,55,2.27,RO,plopu,1651352009
39.6666667,22.3833333,286.66,71,97,0.74,GR,yiannouli,1651352010
40.0872222,-74.9038889,294.45,18,0,5.66,US,croydon,1651352011
-29.85,-51.166667,292.08,78,75,4.12,BR,esteio,1651352012
50.883333,5.65,284.49,75,99,2.68,BE,lanaken,1651352012
5.001667,-75.752222,297.0,72,91,2.21,CO,san jose,1651352013
46.833333,22.983333,283.15,78,98,1.44,RO,sancraiu,1651352014
10.3148,123.5835,299.18,83,100,1.61,PH,tajao,1651352014
42.640309,125.511762,275.14,62,56,1.18,CN,dongfeng,1651352015
39.3752778,21.9752778,289.34,75,100,0.57,GR,prodromos,1651352016
47.513835,17.095067,284.25,54,69,1.61,HU,mihalyi,1651352017
-25.113194,29.044538,291.95,39,55,3.39,ZA,siyabuswa,1651352017
16.566667,-96.733333,301.66,36,39,4.81,MX,ejutla de crespo,1651352018
45.816667,26.0,282.14,84,30,1.23,RO,borosneu mare,1651352019
40.8325,-115.7622222,290.23,25,100,4.63,US,elko,1651351468
53.0241,45.9529,276.17,83,39,3.22,RU,srednyaya yelyuzan,1651352020
53.542062,14.555212,283.33,84,99,2.03,PL,police,1651352021
49.751667,8.116111,284.52,81,100,1.15,DE,alzey,1651352021
37.566667,15.05,289.81,58,0,2.06,IT,mascalucia,1651352022
6.914867,126.153226,297.26,89,86,1.75,PH,dawan,1651352023
43.466667,-81.183333,289.32,46,100,5.8,CA,mitchell,1651352023
11.75,79.75,302.16,81,17,5.65,IN,gudalur,1651352024
11.6387,122.3341,297.02,99,97,2.51,PH,banga,1651352025
19.533333,84.883333,298.9,92,6,2.19,IN,purushottampur,1651352026
45.216667,27.433333,284.31,68,48,0.83,RO,sutesti,1651352026
13.574278,100.835333,302.65,72,20,4.12,TH,bang bo,1651352027
